{
  "project_info": {
    "project_number": "640794456630",
    "firebase_url": "https://admin-6c998.firebaseio.com",
    "project_id": "admin-6c998",
    "storage_bucket": "admin-6c998.appspot.com"
  },
  "client": [
    {
      "client_info": {
        "mobilesdk_app_id": "1:640794456630:android:804418c8352e667e599e97",
        "android_client_info": {
          "package_name": "com.example.student"
        }
      },
      "oauth_client": [
        {
          "client_id": "640794456630-m41cp1v4govpcp26bjcih7q34d4n825n.apps.googleusercontent.com",
          "client_type": 3
        }
      ],
      "api_key": [
        {
          "current_key": "AIzaSyDA7Lp4Y2GFGN7YARuLjLX2KLqrpmehxFU"
        }
      ],
      "services": {
        "appinvite_service": {
          "other_platform_oauth_client": [
            {
              "client_id": "640794456630-m41cp1v4govpcp26bjcih7q34d4n825n.apps.googleusercontent.com",
              "client_type": 3
            }
          ]
        }
      }
    }
  ],
  "configuration_version": "1"
}